<?xml version="1.0" encoding="UTF-8"?>
<project-private xmlns="http://www.netbeans.org/ns/project-private/1">
    <editor-bookmarks xmlns="http://www.netbeans.org/ns/editor-bookmarks/2" lastBookmarkId="0"/>
    <open-files xmlns="http://www.netbeans.org/ns/projectui-open-files/2">
        <group>
            <file>file:/C:/Users/hp/Documents/NetBeansProjects/bank/src/ShowAll.java</file>
            <file>file:/C:/Users/hp/Documents/NetBeansProjects/bank/src/Logout.java</file>
            <file>file:/C:/Users/hp/Documents/NetBeansProjects/bank/src/user.java</file>
            <file>file:/C:/Users/hp/Documents/NetBeansProjects/bank/src/loan.java</file>
            <file>file:/C:/Users/hp/Documents/NetBeansProjects/bank/src/detail.java</file>
            <file>file:/C:/Users/hp/Documents/NetBeansProjects/bank/src/JdbcCode.java</file>
            <file>file:/C:/Users/hp/Documents/NetBeansProjects/bank/src/DeleteAccount.java</file>
            <file>file:/C:/Users/hp/Documents/NetBeansProjects/bank/src/AdminRegister.java</file>
            <file>file:/C:/Users/hp/Documents/NetBeansProjects/bank/src/Update.java</file>
            <file>file:/C:/Users/hp/Documents/NetBeansProjects/bank/src/UpdateUser.java</file>
            <file>file:/C:/Users/hp/Documents/NetBeansProjects/bank/src/UserLogin.java</file>
            <file>file:/C:/Users/hp/Documents/NetBeansProjects/bank/src/main.java</file>
            <file>file:/C:/Users/hp/Documents/NetBeansProjects/bank/src/Option.java</file>
            <file>file:/C:/Users/hp/Documents/NetBeansProjects/bank/src/CreateAccount.java</file>
            <file>file:/C:/Users/hp/Documents/NetBeansProjects/bank/src/Front.java</file>
        </group>
    </open-files>
</project-private>
